Param_Family,Param_Area,EMI_CSV,PARAMETERCODE,Param_Description,Param_Data_Format
OMG,Granulation,EMI_0105,PP_GR_129DR2_EXHATEMP,GRAN_DRY_OUTLET_AIR_TEMP,Integer
OMG,Granulation,EMI_0105,TILE_APR_DRYING_OUTLET,GRAN_DRY_OUTLET_AIR_MOISTURE,2 Decimal Places
OMG,General,EMI_0105,TILE_GR_DISCHARGING_DATE,GENE_DATE_OF_MAN,NULL
OMG,Granulation,EMI_0105,TILE_GR_ERH_FINAL_RESULT,GRAN_ERH,2 Decimal Places
OMG,Granulation,EMI_0105,TILE_GR_PROCESS_DURATION,GRAN_PROCESS_DURATION,MM:SS
OMG,Granulation,EMI_0105,TILE_GR_RECONCIL_A,GRAN_RECON_YIELD,2 Decimal Places
OMG,Granulation,EMI_0105,TILE_GR_RECONCIL_RECONCILIATIO,GRAN_RECONCILIATION,2 Decimal Places
OMG,Granulation,EMI_0105,TILE_GR_RECONCIL_YIELD,GRAN_YIELD,2 Decimal Places
OMG,Granulation,EMI_0105,TILE_GR_ROOM_GRANULATION,GRAN_ROOM_SELECTION,NULL
TCV-116,General,EMI_0201,COMBINING_DATE,GENE_COMBINING_DATE,NULL
TCV-116,Blending,EMI_0201,PP_BL_SVT,BLEN_LOOSE_SPEC_VOL,2 Decimal Places
TCV-116,Blending,EMI_0201,PP_BL_SVT_1,BLEN_LOOSE_SPEC_VOL1,2 Decimal Places
TCV-116,Blending,EMI_0201,PP_BL_TIME,BLEN_TIME,SS
TCV-116,Compression,EMI_0201,PP_CM_ERH%,COMP_ERH,2 Decimal Places
TCV-116,Granulation,EMI_0201,PP_LP_LIQMX2_SOLTEMP,GRAN_SOLUTION_TEMPERATURE,Integer
TCV-116,Granulation,EMI_0201,TILE_APR_DRYING_SKIP_YESNO,GRAN_DRYING_SKIP,NULL
TCV-116,Blending,EMI_0201,TILE_BL_MD_TOT_NET_WEIGHT,BLEN_NET_WEIGHT_YIELD,2 Decimal Places
TCV-116,Blending,EMI_0201,TILE_BL_RECONCILIATION,BLEN_RECONCILIATION,2 Decimal Places
TCV-116,Blending,EMI_0201,TILE_BL_ROOM,BLEN_ROOM_SELECTION,NULL
TCV-116,Blending,EMI_0201,TILE_BL_YIELD,BLEN_YIELD,NULL
TCV-116,Compression,EMI_0201,TILE_CM_APR_COMPRESS_DURATION,COMP_PROCESS_DURATION,SS
TCV-116,Compression,EMI_0201,TILE_CM_APR_MAIN_COMP_F_MEAN,COMP_MAIN_COMP_FORCE_MEAN,2 Decimal Places
TCV-116,Compression,EMI_0201,TILE_CM_APR_MAIN_COMP_F_SREL,COMP_MAIN_COMP_FORCE_SREL,2 Decimal Places
TCV-116,Compression,EMI_0201,TILE_CM_APR_WEIGHT_MEAN,COMP_WEIGHT_MEAN,2 Decimal Places
TCV-116,Compression,EMI_0201,TILE_CM_APR_WEIGHT_SREL,COMP_WEIGHT_SREL,2 Decimal Places
TCV-116,Compression,EMI_0201,TILE_CM_ERH%_RETEST_1,COMP_ERH_RT1,2 Decimal Places
TCV-116,Compression,EMI_0201,TILE_CM_RECONCIL_A,COMP_RECONCIL_YIELD,2 Decimal Places
TCV-116,Compression,EMI_0201,TILE_CM_RECONCIL_FINAL_RESULT,COMP_RECONCILIATION,2 Decimal Places
TCV-116,Compression,EMI_0201,TILE_CM_RECONCIL_YIELD,COMP_YIELD,2 Decimal Places
TCV-116,Compression,EMI_0201,TILE_CM_ROOM_SELECTION,COMP_ROOM_SELECTION,NULL
TCV-116,Granulation,EMI_0201,TILE_GR_APR_DRYING_DURATION,GRAN_DRYING_DURATION,SS
TCV-116,Granulation,EMI_0201,TILE_GR_APR_SOLUTION_TEMP1,GRAN_DRYING_OUT_TEMP_SUBLOT1,Integer
TCV-116,Granulation,EMI_0201,TILE_GR_APR_SOLUTION_TEMP2,GRAN_DRYING_OUT_TEMP_SUBLOT2,Integer
TCV-116,Granulation,EMI_0201,TILE_GR_ERH_FINAL_RESULT_SLOT1,GRAN_FINAL_ERH_SUBLOT1,2 Decimal Places
TCV-116,Granulation,EMI_0201,TILE_GR_ERH_FINAL_RESULT_SLOT2,GRAN_FINAL_ERH_SUBLOT2,2 Decimal Places
TCV-116,Granulation,EMI_0201,TILE_GR_ERH_INIT_RESULT_SLOT1,GRAN_INIT_ERH_SUBLOT1,2 Decimal Places
TCV-116,Granulation,EMI_0201,TILE_GR_ERH_INIT_RESULT_SLOT2,GRAN_INIT_ERH_SUBLOT2,2 Decimal Places
TCV-116,Granulation,EMI_0201,TILE_GR_PROCESS_DURATION,GRAN_PROCESS_DURATION,MM:SS
TCV-116,Granulation,EMI_0201,TILE_GR_RECONCIL_A,GRAN_RECON_YIELD,2 Decimal Places
TCV-116,Granulation,EMI_0201,TILE_GR_RECONCIL_RECONCILIATIO,GRAN_RECONCILIATION,2 Decimal Places
TCV-116,Granulation,EMI_0201,TILE_GR_RECONCIL_YIELD,GRAN_YIELD,2 Decimal Places
TCV-116,Granulation,EMI_0201,TILE_GR_ROOM_GRANULATION,GRAN_ROOM_SELECTION,NULL
TCV-116,Compression,EMI_0201,TILE_IPT_DISINTEG_TIME_MAX,COMP_DISINTEG_MAX,SS
TCV-116,Compression,EMI_0201,TILE_IPT_DISINTEG_TIME_MAX_RT1,COMP_DISINTEG_MAX_RT1,SS
TCV-116,Compression,EMI_0201,TILE_IPT_DISINTEG_TIME_MIN,COMP_DISINTEG_MIN,SS
TCV-116,Compression,EMI_0201,TILE_IPT_DISINTEG_TIME_MIN_RT1,COMP_DISINTEG_MIN_RT1,SS
TCV-116,Blending,EMI_0201,TILE_IPTPART_SIZE_2RESULT,BLEN_PART_SIZE_DISTR_RET,2 Decimal Places
TCV-116,Blending,EMI_0201,TILE_IPTPART_SIZE_2RESULT1,BLEN_PART_SIZE_DISTR_RET1,2 Decimal Places
TCV-116,Blending,EMI_0201,TILE_IPTPART_SIZE_RESULT,BLEN_PART_SIZE_DISTR_PASS,2 Decimal Places
TCV-116,Blending,EMI_0201,TILE_IPTPART_SIZE_RESULT1,BLEN_PART_SIZE_DISTR_PASS1,2 Decimal Places
TCV-116,General,EMI_0201,TILE_TCV_COMBINING_DATE,GENE_COMBINING_DATE,NULL
AD-4833,Blending,EMI_0301,PP_BL_SVT_1,BLEN_LOOSE_SPEC_VOL1,2 Decimal Places
AD-4833,Blending,EMI_0301,PP_BL_TIME,BLEN_PROCESS_TIME,SS
AD-4833,Compression,EMI_0301,PP_CM_ERH%,COMP_ERH,2 Decimal Places
AD-4833,Granulation,EMI_0301,PP_LP_LIQMX2_SOLTEMP_SETP,GRAN_SOLN_PREP_TEMP_END,Integer
AD-4833,General,EMI_0301,TILE_AD_COMBINING_DATE,GENE_COMBINING_DATE,NULL
AD-4833,Granulation,EMI_0301,TILE_APR_DRYING_SKIP_YESNO,GRAN_DRY_PHASE_SKIP_YN,NULL
AD-4833,Blending,EMI_0301,TILE_BL_MD_TOT_NET_WEIGHT,BLEN_NET_WEIGHT_YIELD,2 Decimal Places
AD-4833,Blending,EMI_0301,TILE_BL_PROCESS_START_DATE,BLEN_START_DATE,NULL
AD-4833,Blending,EMI_0301,TILE_BL_RECONCILIATION,BLEN_RECONCILIATION,2 Decimal Places
AD-4833,Blending,EMI_0301,TILE_BL_ROOM,BLEN_ROOM_SELECTION,NULL
AD-4833,Blending,EMI_0301,TILE_BL_YIELD,BLEN_YIELD,NULL
AD-4833,Compression,EMI_0301,TILE_CM_APR_COMPRESS_DURATION,COMP_PROCESS_DURATION,SS
AD-4833,Compression,EMI_0301,TILE_CM_APR_MAIN_COMP_F_MEAN,COMP_MAIN_COMP_F_MEAN,2 Decimal Places
AD-4833,Compression,EMI_0301,TILE_CM_APR_MAIN_COMP_F_SREL,COMP_MAIN_COMP_F_SREL,2 Decimal Places
AD-4833,Compression,EMI_0301,TILE_CM_APR_THICKNESS_MAX,COMP_MEAN_THICKNESS_MAX,2 Decimal Places
AD-4833,Compression,EMI_0301,TILE_CM_APR_THICKNESS_MIN,COMP_MEAN_THICKNESS_MIN,2 Decimal Places
AD-4833,Compression,EMI_0301,TILE_CM_APR_WEIGHT_MEAN,COMP_WEIGHT_MEAN,2 Decimal Places
AD-4833,Compression,EMI_0301,TILE_CM_APR_WEIGHT_SREL,COMP_WEIGHT_SREL,2 Decimal Places
AD-4833,Compression,EMI_0301,TILE_CM_ERH%_RETEST_1,COMP_ERH_RT1,2 Decimal Places
AD-4833,Compression,EMI_0301,TILE_CM_RECONCIL_A,COMP_RECONCIL_YIELD,2 Decimal Places
AD-4833,Compression,EMI_0301,TILE_CM_RECONCIL_FINAL_RESULT,COMP_RECONCILIATIO,2 Decimal Places
AD-4833,Compression,EMI_0301,TILE_CM_RECONCIL_YIELD,COMP_YIELD,2 Decimal Places
AD-4833,Compression,EMI_0301,TILE_CM_ROOM_SELECTION,COMP_ROOM_SELECTION,NULL
AD-4833,Granulation,EMI_0301,TILE_GR_APR_DRYING_DURATION,GRAN_DRY_STEP_DURATION,SS
AD-4833,Granulation,EMI_0301,TILE_GR_APR_DRYING_TEMP_1,GRAN_END_DRY_EX_TEMP_SUB_1,Integer
AD-4833,Granulation,EMI_0301,TILE_GR_APR_DRYING_TEMP_2,GRAN_END_DRY_EX_TEMP_SUB_2,Integer
AD-4833,Granulation,EMI_0301,TILE_GR_APR_DRYING_TEMP_3,GRAN_END_DRY_EX_TEMP_SUB_3,NULL
AD-4833,Granulation,EMI_0301,TILE_GR_APR_SOLUTION_TEMP1,GRAN_DRYING_OUT_AIR_TEMP_SUB1,Integer
AD-4833,Granulation,EMI_0301,TILE_GR_APR_SOLUTION_TEMP2,GRAN_DRYING_OUT_AIR_TEMP_SUB2,Integer
AD-4833,Granulation,EMI_0301,TILE_GR_APR_SPRAY_TEMP_1,GRAN_END_SPRAY_EX_TEMP_SUB_1,Integer
AD-4833,Granulation,EMI_0301,TILE_GR_APR_SPRAY_TEMP_2,GRAN_END_SPRAY_EX_TEMP_SUB_2,Integer
AD-4833,Granulation,EMI_0301,TILE_GR_APR_SPRAY_TEMP_3,GRAN_END_SPRAY_EX_TEMP_SUB_3,NULL
AD-4833,Granulation,EMI_0301,TILE_GR_ERH_FINAL_RESULT_SLOT1,GRAN_ERH_SUBLOT1,2 Decimal Places
AD-4833,Granulation,EMI_0301,TILE_GR_ERH_FINAL_RESULT_SLOT2,GRAN_ERH_SUBLOT2,2 Decimal Places
AD-4833,Granulation,EMI_0301,TILE_GR_ERH_FINAL_RESULT_SLOT3,GRAN_ERH_SUBLOT3,2 Decimal Places
AD-4833,Granulation,EMI_0301,TILE_GR_ERH_INIT_RESULT_SLOT1,GRAN_INI_ERH_SLOT1,2 Decimal Places
AD-4833,Granulation,EMI_0301,TILE_GR_ERH_INIT_RESULT_SLOT2,GRAN_INI_ERH_SLOT2,2 Decimal Places
AD-4833,Granulation,EMI_0301,TILE_GR_ERH_INIT_RESULT_SLOT3,GRAN_INI_ERH_SLOT3,2 Decimal Places
AD-4833,Granulation,EMI_0301,TILE_GR_PROCESS_DURATION,GRAN_PROCESS_DURATION,MM:SS
AD-4833,Granulation,EMI_0301,TILE_GR_RECONCIL_A,GRAN_RECON_YIELD,2 Decimal Places
AD-4833,Granulation,EMI_0301,TILE_GR_RECONCIL_RECONCILIATIO,GRAN_RECONCILIATION,2 Decimal Places
AD-4833,Granulation,EMI_0301,TILE_GR_RECONCIL_YIELD,GRAN_YIELD,2 Decimal Places
AD-4833,Granulation,EMI_0301,TILE_GR_ROOM_GRANULATION,GRAN_ROOM_SELECTION,NULL
AD-4833,Compression,EMI_0301,TILE_IPT_DISINTEG_TIME_MAX,COMP_IPT_DISINTG_TIME_MAX,SS
AD-4833,Compression,EMI_0301,TILE_IPT_DISINTEG_TIME_MAX_RT1,COMP_IPT_DISINTG_TIME_MAX1,SS
AD-4833,Compression,EMI_0301,TILE_IPT_DISINTEG_TIME_MIN,COMP_IPT_DISINTG_TIME_MIN,SS
AD-4833,Compression,EMI_0301,TILE_IPT_DISINTEG_TIME_MIN_RT1,COMP_IPT_DISINTG_TIME_MIN1,SS
AD-4833,Blending,EMI_0301,TILE_IPTPART_SIZE_2RESULT,BLEN_PART_SIZE_RET,2 Decimal Places
AD-4833,Blending,EMI_0301,TILE_IPTPART_SIZE_2RESULT1,BLEN_PART_SIZE_RET1,2 Decimal Places
AD-4833,Blending,EMI_0301,TILE_IPTPART_SIZE_RESULT,BLEN_PART_SIZE_PASS,2 Decimal Places
AD-4833,Blending,EMI_0301,TILE_IPTPART_SIZE_RESULT1,BLEN_PART_SIZE_PASS1,2 Decimal Places
TAK-491,Compression,EMI_0401, TILE_CM_APR_WEIGHT_MEAN,Weight,
TAK-491,Drying,EMI_0401, TILE_TAK491_DRY_YIELD,Reconciliation,
TAK-491,Blending,EMI_0401,PP_BL_ERH%,BLEN_ERH,2 Decimal Places
TAK-491,Blending,EMI_0401,PP_BL_SPEED,BLEN_RPM,0 Decimal Places
AD-4833,Blending,EMI_0301,PP_BL_SVT,BLEN_LOOSE_SPEC_VOL,2 Decimal Places
TAK-491,Blending,EMI_0401,PP_BL_SVT,BLEN_LOOSE_SPEC_VOL,2 Decimal Places
TAK-491,Blending,EMI_0401,PP_BL_SVT_1,SV Repeat test 1,
TAK-491,Blending,EMI_0401,PP_BL_SVT_2,SV Repeat test 2,
TAK-491,Blending,EMI_0401,PP_BL_SVT_3,SV Repeat test 3,
TAK-491,Blending,EMI_0401,PP_BL_SVT_4,SV Repeat test 4,
TAK-491,Blending,EMI_0401,PP_BL_SVT_5,SV Repeat test 5,
TAK-491,Blending,EMI_0401,PP_BL_SVT_6,SV Repeat test 6,
TAK-491,Blending,EMI_0401,PP_BL_SVT_7,SV Repeat test 7,
TAK-491,Blending,EMI_0401,PP_BL_TIME,BLEN_TIME,SS
TAK-491,Compression,EMI_0401,PP_CM_ERH%,COMP_ERH,2 Decimal Places
TAK-491,Compression,EMI_0401,PP_CM_IPT_H,COMP_HARDNESS_MEAN,2 Decimal Places
TAK-491,Compression,EMI_0401,PP_CM_IPT_H ,Hardness,
TAK-491,Compression,EMI_0401,PP_CM_TABLETS_PER_HOUR,COMP_TAB_PER_HOUR,0 Decimal Places
TAK-491,Drying,EMI_0401,TIL_CF_DRY_TÂ°C,DRY_TEMP,0 Decimal Places
TAK-491,Drying,EMI_0401,TIL_IPT_ERH_%,DRY_ERH,2 Decimal Places
TAK-491,Drying,EMI_0401,TIL_IPT_ERH_% ,ERH,
TAK-491,Blending,EMI_0401,TILE_BL_ERH%_RETEST_1,ERH Repeat test 1,
TAK-491,Blending,EMI_0401,TILE_BL_ERH%_RETEST_2,ERH Repeat test 2,
TAK-491,Blending,EMI_0401,TILE_BL_ERH%_RETEST_3,ERH Repeat test 3,
TAK-491,Blending,EMI_0401,TILE_BL_ERH%_RETEST_4,ERH Repeat test 4,
TAK-491,Blending,EMI_0401,TILE_BL_ERH%_RETEST_5,ERH Repeat test 5,
TAK-491,Blending,EMI_0401,TILE_BL_ERH%_RETEST_6,ERH Repeat test 6,
TAK-491,Blending,EMI_0401,TILE_BL_ERH%_RETEST_7,ERH Repeat test 7,
TAK-491,Blending,EMI_0401,TILE_BL_RECONCILIATION,Reconciliation,
TAK-491,Blending,EMI_0401,TILE_BL_YELD,Yield,
TAK-491,Compression,EMI_0401,TILE_CM_APR_MAIN_COMP_F_MEAN,COMP_MAIN_COMP_FORCE_MEAN,2 Decimal Places
TAK-491,Compression,EMI_0401,TILE_CM_APR_THICKNESS_MAX,Thickness max,
TAK-491,Compression,EMI_0401,TILE_CM_APR_THICKNESS_MIN ,COMP_MEAN_THICKNESS_MIN,2 Decimal Places
TAK-491,Compression,EMI_0401,TILE_CM_APR_THICKNESS_MIN  ,Thickness min,
TAK-491,Compression,EMI_0401,TILE_CM_APR_WEIGHT_MEAN,COMP_WEIGHT_MEAN,2 Decimal Places
TAK-491,Compression,EMI_0401,TILE_CM_ERH%_RETEST_1,COMP_ERH_RT1,2 Decimal Places
TAK-491,Compression,EMI_0401,TILE_CM_ERH%_RETEST_1 ,ERH retest 1 ,
TAK-491,Compression,EMI_0401,TILE_CM_ERH%_RETEST_2,ERH retest 2,
TAK-491,Compression,EMI_0401,TILE_CM_ERH%_RETEST_3,ERH retest 3,
TAK-491,Compression,EMI_0401,TILE_CM_ERH%_RETEST_4,ERH retest 4,
TAK-491,Compression,EMI_0401,TILE_CM_ERH%_RETEST_5,ERH retest 5,
TAK-491,Compression,EMI_0401,TILE_CM_ERH%_RETEST_6,ERH retest 6,
TAK-491,Compression,EMI_0401,TILE_CM_ERH%_RETEST_7,ERH retest 7,
TAK-491,Compression,EMI_0401,TILE_CM_RECONCIL_FINAL_RESULT,COMP_RECONCILIATION,2 Decimal Places
TAK-491,Compression,EMI_0401,TILE_CM_RECONCIL_YIELD,COMP_YIELD,2 Decimal Places
TAK-491,Granulation,EMI_0401,TILE_GR_AAP_MANU,GRAN_AAP_CPP1,2 Decimal Places
TAK-491,Granulation,EMI_0401,TILE_GR_AAP_MANU2,GRAN_AAP_CPP2,2 Decimal Places
TAK-491,Granulation,EMI_0401,TILE_GR_ERH_FINAL_RESULT,GRAN_ERH,2 Decimal Places
TAK-491,Granulation,EMI_0401,TILE_GR_FAF_MANU,GRAN_IAV_CPP1,2 Decimal Places
TAK-491,Granulation,EMI_0401,TILE_GR_FAF_MANU2,GRAN_IAV_CPP2,2 Decimal Places
TAK-491,Granulation,EMI_0401,TILE_GR_IAT_MANU,GRAN_IAT_CPP1,2 Decimal Places
TAK-491,Granulation,EMI_0401,TILE_GR_IAT_MANU2,GRAN_IAT_CPP2,2 Decimal Places
TAK-491,Granulation,EMI_0401,TILE_GR_RECONCIL_RECONCILIATIO,Reconciliation,
TAK-491,Granulation,EMI_0401,TILE_GR_RECONCIL_YIELD,GRAN_YIELD,2 Decimal Places
TAK-491,Compression,EMI_0401,TILE_IPT_DISINTEG_TIME_MAX,COMP_IPT_DISINTG_TIME_MAX,SS
TAK-491,Compression,EMI_0401,TILE_IPT_DISINTEG_TIME_MAX_RT1,Disintegration retest 1 MAX,
TAK-491,Compression,EMI_0401,TILE_IPT_DISINTEG_TIME_MAX_RT2,Disintegration retest 2 MAX,
TAK-491,Compression,EMI_0401,TILE_IPT_DISINTEG_TIME_MAX_RT3,Disintegration retest 3 MAX,
TAK-491,Compression,EMI_0401,TILE_IPT_DISINTEG_TIME_MAX_RT4,Disintegration retest 4 MAX,
TAK-491,Compression,EMI_0401,TILE_IPT_DISINTEG_TIME_MAX_RT5,Disintegration retest 5 MAX,
TAK-491,Compression,EMI_0401,TILE_IPT_DISINTEG_TIME_MAX_RT6,Disintegration retest 6 MAX,
TAK-491,Compression,EMI_0401,TILE_IPT_DISINTEG_TIME_MAX_RT7,Disintegration retest 7 MAX,
TAK-491,Compression,EMI_0401,TILE_IPT_DISINTEG_TIME_MIN,COMP_IPT_DISINTG_TIME_MIN,SS
TAK-491,Compression,EMI_0401,TILE_IPT_DISINTEG_TIME_MIN_RT1  ,Disintegration retest 1 MIN,
TAK-491,Compression,EMI_0401,TILE_IPT_DISINTEG_TIME_MIN_RT2,Disintegration retest 2 MIN,
TAK-491,Compression,EMI_0401,TILE_IPT_DISINTEG_TIME_MIN_RT3  ,Disintegration retest 3 MIN,
TAK-491,Compression,EMI_0401,TILE_IPT_DISINTEG_TIME_MIN_RT4 ,Disintegration retest 4 MIN,
TAK-491,Compression,EMI_0401,TILE_IPT_DISINTEG_TIME_MIN_RT5 ,Disintegration retest 5 MIN,
TAK-491,Compression,EMI_0401,TILE_IPT_DISINTEG_TIME_MIN_RT6,Disintegration retest 6 MIN,
TAK-491,Compression,EMI_0401,TILE_IPT_DISINTEG_TIME_MIN_RT7 ,Disintegration retest 7 MIN,
TAK-491,Blending,EMI_0401,TILE_IPTPART_SIZE_2RESULT,BLEN_PART_SIZE_RET,2 Decimal Places
TAK-491,Blending,EMI_0401,TILE_IPTPART_SIZE_2RESULT1,PSD Repeat test 1,
TAK-491,Blending,EMI_0401,TILE_IPTPART_SIZE_2RESULT2,PSD Repeat test 2,
TAK-491,Blending,EMI_0401,TILE_IPTPART_SIZE_2RESULT3,PSD Repeat test 3,
TAK-491,Blending,EMI_0401,TILE_IPTPART_SIZE_2RESULT4,PSD Repeat test 4,
TAK-491,Blending,EMI_0401,TILE_IPTPART_SIZE_2RESULT5,PSD Repeat test 5,
TAK-491,Blending,EMI_0401,TILE_IPTPART_SIZE_2RESULT6,PSD Repeat test 6,
TAK-491,Blending,EMI_0401,TILE_IPTPART_SIZE_2RESULT7,PSD Repeat test 7,
TAK-491,Blending,EMI_0401,TILE_IPTPART_SIZE_RESULT,BLEN_PART_SIZE_PASS,2 Decimal Places
TAK-491,Drying,EMI_0401,TILE_TAK491_DRY_RECONCIL,DRY_RECONCILIATION,2 Decimal Places
TAK-491,Drying,EMI_0401,TILE_TAK491_DRY_YIELD,DRY_YIELD,2 Decimal Places
AG-1749 CF GRANULES,CF,EMI_0501,TIL_CF_DUST_PROCESS_TIME1_DT,DUSTTIME1,MM:SS
AG-1749 CF GRANULES,CF,EMI_0501,TIL_CF_DUST_PROCESS_TIME2_DT,DUSTTIME2,MM:SS
AG-1749 CF GRANULES,CF,EMI_0501,TIL_CF_DUST_PROCESS_TIME3_DT,DUSTTIME1,MM:SS
AG-1749 CF GRANULES,CF,EMI_0501,TIL_CF_DUST_PROCESS_TIME4_DT,DUSTTIME4,MM:SS
AG-1749 CF GRANULES,CF,EMI_0501,TIL_CF_DUST_PROCESS_TIME5_DT,DUSTTIME,NULL
AG-1749 CF GRANULES,CF,EMI_0501,TIL_CF_DUST_PROCESS_TIME6_DT,DUSTTIME,NULL
AG-1749 CF GRANULES,CF,EMI_0501,TIL_CF_DUST_SPRAY_AMOUNT_SC,DUSTSPRAYAMT1,2 Decimal Places
AG-1749 CF GRANULES,CF,EMI_0501,TIL_CF_DUST_SPRAY_AMOUNT2,DUSTSPRAYAMT2,2 Decimal Places
AG-1749 CF GRANULES,CF,EMI_0501,TIL_CF_DUST_SPRAY_AMOUNT3,DUSTSPRAYAMT3,2 Decimal Places
AG-1749 CF GRANULES,CF,EMI_0501,TIL_CF_DUST_SPRAY_AMOUNT4,DUSTSPRAYAMT4,2 Decimal Places
AG-1749 CF GRANULES,CF,EMI_0501,TIL_CF_DUST_SPRAY_AMOUNT5,DUSTSPRAYAMT5,2 Decimal Places
AG-1749 CF GRANULES,CF,EMI_0501,TIL_CF_DUST_SPRAY_AMOUNT6,DUSTSPRAYAMT6,2 Decimal Places
AG-1749 CF GRANULES,CF,EMI_0501,TIL_CF_MD_NET1,MD_YIELD1,2 Decimal Places
AG-1749 CF GRANULES,CF,EMI_0501,TIL_CF_MD_NET2,MD_YIELD2,2 Decimal Places
AG-1749 CF GRANULES,CF,EMI_0501,TIL_CF_MD_NET3,MD_YIELD,NULL
AG-1749 CF GRANULES,CF,EMI_0501,TIL_CF_MD_NET4,MD_YIELD,NULL
AG-1749 CF GRANULES,CF,EMI_0501,TIL_CF_MD_NET5,MD_YIELD,NULL
AG-1749 CF GRANULES,CF,EMI_0501,TIL_CF_MD_NET6,MD_YIELD,NULL
AG-1749 CF GRANULES,CF,EMI_0501,TIL_CF_POST_PROCESS_TIME1_DT,POSTTIME1,MM:SS
AG-1749 CF GRANULES,CF,EMI_0501,TIL_CF_POST_PROCESS_TIME2_DT,POSTTIME2,MM:SS
AG-1749 CF GRANULES,CF,EMI_0501,TIL_CF_POST_PROCESS_TIME3_DT,POSTTIME,SS
AG-1749 CF GRANULES,CF,EMI_0501,TIL_CF_POST_PROCESS_TIME4_DT,POSTTIME,SS
AG-1749 CF GRANULES,CF,EMI_0501,TIL_CF_POST_PROCESS_TIME5_DT,POSTTIME,SS
AG-1749 CF GRANULES,CF,EMI_0501,TIL_CF_POST_PROCESS_TIME6_DT,POSTTIME6,SS
AG-1749 CF GRANULES,CF,EMI_0501,TIL_CF_POST_SPRAY_AMOUNT1,POSTSPRAYAMT1,2 Decimal Places
AG-1749 CF GRANULES,CF,EMI_0501,TIL_CF_POST_SPRAY_AMOUNT2,POSTSPRAYAMT2,2 Decimal Places
AG-1749 CF GRANULES,CF,EMI_0501,TIL_CF_POST_SPRAY_AMOUNT3,POSTSPRAYAMT3,2 Decimal Places
AG-1749 CF GRANULES,CF,EMI_0501,TIL_CF_POST_SPRAY_AMOUNT4,POSTSPRAYAMT4,2 Decimal Places
AG-1749 CF GRANULES,CF,EMI_0501,TIL_CF_POST_SPRAY_AMOUNT5,POSTSPRAYAMT5,2 Decimal Places
AG-1749 CF GRANULES,CF,EMI_0501,TIL_CF_POST_SPRAY_AMOUNT6,POSTSPRAYAMT6,2 Decimal Places
AG-1749 CF GRANULES,CF,EMI_0501,TIL_CF_PRE_PROCESS_TIME1_DT,PRETIME1,MM:SS
AG-1749 CF GRANULES,CF,EMI_0501,TIL_CF_PRE_PROCESS_TIME2_DT,PRETIME2,MM:SS
AG-1749 CF GRANULES,CF,EMI_0501,TIL_CF_PRE_PROCESS_TIME3_DT,PRETIME,NULL
AG-1749 CF GRANULES,CF,EMI_0501,TIL_CF_PRE_PROCESS_TIME4_DT,PRETIME,NULL
AG-1749 CF GRANULES,CF,EMI_0501,TIL_CF_PRE_PROCESS_TIME5_DT,PRETIME,NULL
AG-1749 CF GRANULES,CF,EMI_0501,TIL_CF_PRE_PROCESS_TIME6_DT,PRETIME,NULL
AG-1749 CF GRANULES,CF,EMI_0501,TIL_CF_PRE_SPRAY_AMOUNT1,PRESPRAYAMT1,2 Decimal Places
AG-1749 CF GRANULES,CF,EMI_0501,TIL_CF_PRE_SPRAY_AMOUNT2,PRESPRAYAMT2,2 Decimal Places
AG-1749 CF GRANULES,CF,EMI_0501,TIL_CF_PRE_SPRAY_AMOUNT3,PRESPRAYAMT3,2 Decimal Places
AG-1749 CF GRANULES,CF,EMI_0501,TIL_CF_PRE_SPRAY_AMOUNT4,PRESPRAYAMT4,2 Decimal Places
AG-1749 CF GRANULES,CF,EMI_0501,TIL_CF_PRE_SPRAY_AMOUNT5,PRESPRAYAMT,NULL
AG-1749 CF GRANULES,CF,EMI_0501,TIL_CF_PRE_SPRAY_AMOUNT6,PRESPRAYAMT,NULL
AG-1749 CF GRANULES,CF,EMI_0501,TIL_CF_RECONCIL_ROUND_LOT1,RECONCILIATION1,0 Decimal Places
AG-1749 CF GRANULES,CF,EMI_0501,TIL_CF_RECONCIL_ROUND_LOT2,RECONCILIATION2,0 Decimal Places
AG-1749 CF GRANULES,CF,EMI_0501,TIL_CF_RECONCIL_ROUND_LOT3,RECONCILIATION3,0 Decimal Places
AG-1749 CF GRANULES,CF,EMI_0501,TIL_CF_RECONCIL_ROUND_LOT4,RECONCILIATION4,0 Decimal Places
AG-1749 CF GRANULES,CF,EMI_0501,TIL_CF_RECONCIL_ROUND_LOT5,RECONCILIATION,NULL
AG-1749 CF GRANULES,CF,EMI_0501,TIL_CF_RECONCIL_ROUND_LOT6,RECONCILIATION,NULL
AG-1749 CF GRANULES,CF,EMI_0501,TIL_CF_YIELD_ROUNDED_LOT1,YIELD1,0 Decimal Places
AG-1749 CF GRANULES,CF,EMI_0501,TIL_CF_YIELD_ROUNDED_LOT2,YIELD2,0 Decimal Places
AG-1749 CF GRANULES,CF,EMI_0501,TIL_CF_YIELD_ROUNDED_LOT3,YIELD,0 Decimal Places
AG-1749 CF GRANULES,CF,EMI_0501,TIL_CF_YIELD_ROUNDED_LOT4,YIELD,0 Decimal Places
AG-1749 CF GRANULES,CF,EMI_0501,TIL_CF_YIELD_ROUNDED_LOT5,YIELD,NULL
AG-1749 CF GRANULES,CF,EMI_0501,TIL_CF_YIELD_ROUNDED_LOT6,YIELD,NULL
AG-1749 EC GRANULES,EC,EMI_0502,TIL_EC_COATING_DURATION,ECCOATINGTIME,SS
AG-1749 EC GRANULES,EC,EMI_0502,TIL_EC_COATING_DURATION1,DURATION,NULL
AG-1749 EC GRANULES,EC,EMI_0502,TIL_EC_COATING_DURATION2,DURATION,NULL
AG-1749 EC GRANULES,EC,EMI_0502,TIL_EC_COATING_DURATION3,DURATION,NULL
AG-1749 EC GRANULES,EC,EMI_0502,TIL_EC_COATING_DURATION4,DURATION,NULL
AG-1749 EC GRANULES,EC,EMI_0502,TIL_EC_OVERSIZED_GRANULES_LOT1,OVERSIZE_KG,2 Decimal Places
AG-1749 EC GRANULES,EC,EMI_0502,TIL_EC_OVERSIZED_GRANULES_LOT2,OVERSIZED2,NULL
AG-1749 EC GRANULES,EC,EMI_0502,TIL_EC_OVERSIZED_GRANULES_LOT3,OVERSIZED3,2 Decimal Places
AG-1749 EC GRANULES,EC,EMI_0502,TIL_EC_OVERSIZED_GRANULES_LOT4,OVERSIZED4,NULL
AG-1749 EC GRANULES,EC,EMI_0502,TIL_EC_RECONCILIATION_ROUNDED1,ECRECON,2 Decimal Places
AG-1749 EC GRANULES,EC,EMI_0502,TIL_EC_RECONCILIATION_ROUNDED2,RECONCILIATION,2 Decimal Places
AG-1749 EC GRANULES,EC,EMI_0502,TIL_EC_RECONCILIATION_ROUNDED3,RECONCILIATION,2 Decimal Places
AG-1749 EC GRANULES,EC,EMI_0502,TIL_EC_RECONCILIATION_ROUNDED4,RECONCILIATION,NULL
AG-1749 EC GRANULES,EC,EMI_0502,TIL_EC_START_COATING_DATE1,STARTDATE,NULL
AG-1749 EC GRANULES,EC,EMI_0502,TIL_EC_START_COATING_DATE2,STARTDATE,NULL
AG-1749 EC GRANULES,EC,EMI_0502,TIL_EC_START_COATING_DATE3,STARTDATE,NULL
AG-1749 EC GRANULES,EC,EMI_0502,TIL_EC_START_COATING_DATE4,STARTDATE,NULL
AG-1749 EC GRANULES,EC,EMI_0502,TIL_EC_START_COATING1,STARTTIME,NULL
AG-1749 EC GRANULES,EC,EMI_0502,TIL_EC_START_COATING2,STARTTIME,NULL
AG-1749 EC GRANULES,EC,EMI_0502,TIL_EC_START_COATING3,STARTTIME,NULL
AG-1749 EC GRANULES,EC,EMI_0502,TIL_EC_START_COATING4,STARTTIME,NULL
AG-1749 EC GRANULES,EC,EMI_0502,TIL_EC_UNDERSIZE_GRANULES,UNDERSIZE_KG,2 Decimal Places
AG-1749 EC GRANULES,EC,EMI_0502,TIL_EC_UNDERSIZE_GRANULES_LOT1,UNDERSIZE,NULL
AG-1749 EC GRANULES,EC,EMI_0502,TIL_EC_UNDERSIZE_GRANULES_LOT2,UNDERSIZE,NULL
AG-1749 EC GRANULES,EC,EMI_0502,TIL_EC_UNDERSIZE_GRANULES_LOT3,UNDERSIZE,2 Decimal Places
AG-1749 EC GRANULES,EC,EMI_0502,TIL_EC_UNDERSIZE_GRANULES_LOT4,UNDERSIZE,NULL
AG-1749 EC GRANULES,EC,EMI_0502,TIL_EC_WEIGHT_GOOD_GRANULES1,YIELD,2 Decimal Places
AG-1749 EC GRANULES,EC,EMI_0502,TIL_EC_WEIGHT_GOOD_GRANULES2,YIELD2,NULL
AG-1749 EC GRANULES,EC,EMI_0502,TIL_EC_WEIGHT_GOOD_GRANULES3,YIELD3,2 Decimal Places
AG-1749 EC GRANULES,EC,EMI_0502,TIL_EC_WEIGHT_GOOD_GRANULES4,YIELD4,NULL
AG-1749 EC GRANULES,EC,EMI_0502,TIL_FIRSTDRUM_RESULT,PARTICLE_SIZE,2 Decimal Places
AG-1749 EC GRANULES,EC,EMI_0502,TIL_IPT_ERH_%,ECERH,2 Decimal Places
AG-1749 EC GRANULES,EC,EMI_0502,TIL_IPT_ERH_%1,ERH,NULL
AG-1749 EC GRANULES,EC,EMI_0502,TIL_IPT_ERH_%2,ERH,NULL
AG-1749 EC GRANULES,EC,EMI_0502,TIL_IPT_ERH_%3,ERH,NULL
AG-1749 EC GRANULES,EC,EMI_0502,TIL_IPT_ERH_%4,ERH,NULL
AG-1749 EC GRANULES,EC,EMI_0502,TIL_IPT_ERH1_%1,ERHRETEST1,NULL
AG-1749 EC GRANULES,EC,EMI_0502,TIL_IPT_ERH1_%2,ERHRETEST1,NULL
AG-1749 EC GRANULES,EC,EMI_0502,TIL_IPT_ERH1_%3,ERHRETEST1,NULL
AG-1749 EC GRANULES,EC,EMI_0502,TIL_IPT_ERH1_%4,ERHRETEST1,NULL
AG-1749 BL GRANULES,Blending,EMI_0503,TIL_3MIN_POWER_FEED_QTY1,THREEMINFEEDQTY1,2 Decimal Places
AG-1749 BL GRANULES,Blending,EMI_0503,TIL_3MIN_POWER_FEED_QTY2,THREEMINFEEDQTY2,2 Decimal Places
AG-1749 BL GRANULES,Blending,EMI_0503,TIL_3MIN_POWER_FEED_QTY3,THREEMINFEEDQTY,2 Decimal Places
AG-1749 BL GRANULES,Blending,EMI_0503,TIL_3MIN_POWER_FEED_QTY4,THREEMINFEEDQTY,2 Decimal Places
AG-1749 BL GRANULES,Blending,EMI_0503,TIL_3MIN_POWER_FEED_QTY5,THREEMINFEEDQTY,2 Decimal Places
AG-1749 BL GRANULES,Blending,EMI_0503,TIL_3MIN_POWER_FEED_QTY6,THREEMINFEEDQTY,2 Decimal Places
AG-1749 BL GRANULES,Blending,EMI_0503,TIL_BL_RECONCILIATION_ROUNDED,RECONCILIATION,2 Decimal Places
AG-1749 BL GRANULES,Blending,EMI_0503,TIL_BL_STARTDATE_APR,STARTDATE,NULL
AG-1749 BL GRANULES,Blending,EMI_0503,TIL_BL_TOTAL_BLENDED_NET_QTY,YIELD,2 Decimal Places
AG-1749 BL GRANULES,Blending,EMI_0503,TIL_FIRSTDRUM_PSDT1,PARTSIZEDISTR,NULL
AG-1749 BL GRANULES,Blending,EMI_0503,TIL_FIRSTDRUM_PSDT2,PARTSIZEDISTR,NULL
AG-1749 BL GRANULES,Blending,EMI_0503,TIL_FIRSTDRUM_PSDT3,PARTSIZEDISTR,NULL
AG-1749 BL GRANULES,Blending,EMI_0503,TIL_FIRSTDRUM_PSDT4,PARTSIZEDISTR,NULL
AG-1749 BL GRANULES,Blending,EMI_0503,TIL_FIRSTDRUM_PSDT5,PARTSIZEDISTR,NULL
AG-1749 BL GRANULES,Blending,EMI_0503,TIL_FIRSTDRUM_PSDT6,PARTSIZEDISTR,NULL
AG-1749 BL GRANULES,Blending,EMI_0503,TIL_FIRSTDRUM_PSRESULT_1,PARTICLESIZERETEST1,NULL
AG-1749 BL GRANULES,Blending,EMI_0503,TIL_FIRSTDRUM_RESULT,PARTICLESIZE,NULL
AG-1749 BL GRANULES,Blending,EMI_0503,TIL_FIRSTDRUM_RESULT1SV,SPECVOLRETEST1,NULL
AG-1749 BL GRANULES,Blending,EMI_0503,TIL_FIRSTDRUM_RESULT1SV_1,SPECVOL2,NULL
AG-1749 BL GRANULES,Blending,EMI_0503,TIL_FIRSTDRUM_RESULT1SV_3,SPECVOL2,NULL
AG-1749 BL GRANULES,Blending,EMI_0503,TIL_FIRSTDRUM_RESULT1SV_4,SPECVOL2,NULL
AG-1749 BL GRANULES,Blending,EMI_0503,TIL_FIRSTDRUM_RESULT1SV_5,SPECVOL2,NULL
AG-1749 BL GRANULES,Blending,EMI_0503,TIL_FIRSTDRUM_RESULT1SV_6,SPECVOL2,NULL
AG-1749 BL GRANULES,Blending,EMI_0503,TIL_FIRSTDRUM_RESULT2,SPECVOL,NULL
AG-1749 BL GRANULES,Blending,EMI_0503,TIL_FIRSTDRUM_RESULT21,SPECVOL1,NULL
AG-1749 BL GRANULES,Blending,EMI_0503,TIL_FIRSTDRUM_RESULT22,SPECVOL1,NULL
AG-1749 BL GRANULES,Blending,EMI_0503,TIL_FIRSTDRUM_RESULT23,SPECVOL1,NULL
AG-1749 BL GRANULES,Blending,EMI_0503,TIL_FIRSTDRUM_RESULT24,SPECVOL1,NULL
AG-1749 BL GRANULES,Blending,EMI_0503,TIL_FIRSTDRUM_RESULT25,SPECVOL1,NULL
AG-1749 BL GRANULES,Blending,EMI_0503,TIL_FIRSTDRUM_RESULT26,SPECVOL1,NULL
AG-1749 BL GRANULES,Blending,EMI_0503,TIL_FIRSTDRUM_RESULT2SV_1,SPECVOL3,NULL
AG-1749 BL GRANULES,Blending,EMI_0503,TIL_FIRSTDRUM_RESULT2SV_3,SPECVOL3,NULL
AG-1749 BL GRANULES,Blending,EMI_0503,TIL_FIRSTDRUM_RESULT2SV_4,SPECVOL3,NULL
AG-1749 BL GRANULES,Blending,EMI_0503,TIL_FIRSTDRUM_RESULT2SV_5,SPECVOL3,NULL
AG-1749 BL GRANULES,Blending,EMI_0503,TIL_FIRSTDRUM_RESULT2SV_6,SPECVOL3,NULL
AG-1749 BL GRANULES,Blending,EMI_0503,TIL_FIRSTDRUM_RESULT3SV_1,SPECVOL4,NULL
AG-1749 BL GRANULES,Blending,EMI_0503,TIL_FIRSTDRUM_RESULT3SV_3,SPECVOL4,NULL
AG-1749 BL GRANULES,Blending,EMI_0503,TIL_FIRSTDRUM_RESULT3SV_4,SPECVOL4,NULL
AG-1749 BL GRANULES,Blending,EMI_0503,TIL_FIRSTDRUM_RESULT3SV_5,SPECVOL4,NULL
AG-1749 BL GRANULES,Blending,EMI_0503,TIL_FIRSTDRUM_RESULT3SV_6,SPECVOL4,NULL
AG-1749 BL GRANULES,Blending,EMI_0503,TIL_IPT_ERH_%,ERH,NULL
AG-1749 BL GRANULES,Blending,EMI_0503,TIL_IPT_ERH_%1,ERH1,NULL
AG-1749 BL GRANULES,Blending,EMI_0503,TIL_IPT_ERH_%2,ERH1,NULL
AG-1749 BL GRANULES,Blending,EMI_0503,TIL_IPT_ERH_%3,ERH1,NULL
AG-1749 BL GRANULES,Blending,EMI_0503,TIL_IPT_ERH_%4,ERH1,NULL
AG-1749 BL GRANULES,Blending,EMI_0503,TIL_IPT_ERH_%5,ERH1,NULL
AG-1749 BL GRANULES,Blending,EMI_0503,TIL_IPT_ERH_%6,ERH1,NULL
AG-1749 BL GRANULES,Blending,EMI_0503,TIL_IPT_ERH_REDRY_1,REDRYERH,NULL
AG-1749 BL GRANULES,Blending,EMI_0503,TIL_IPT_ERH_REDRY_2,REDRYERH,NULL
AG-1749 BL GRANULES,Blending,EMI_0503,TIL_IPT_ERH_REDRY_3,REDRYERH,NULL
AG-1749 BL GRANULES,Blending,EMI_0503,TIL_IPT_ERH_REDRY_4,REDRYERH,NULL
AG-1749 BL GRANULES,Blending,EMI_0503,TIL_IPT_ERH_REDRY_5,REDRYERH,NULL
AG-1749 BL GRANULES,Blending,EMI_0503,TIL_IPT_ERH_REDRY_6,REDRYERH,NULL
AG-1749 BL GRANULES,Blending,EMI_0503,TIL_IPT_ERH1_%1,ERH2,NULL
AG-1749 BL GRANULES,Blending,EMI_0503,TIL_IPT_ERH1_%2,ERH2,NULL
AG-1749 BL GRANULES,Blending,EMI_0503,TIL_IPT_ERH1_%3,ERH2,NULL
AG-1749 BL GRANULES,Blending,EMI_0503,TIL_IPT_ERH1_%4,ERH2,NULL
AG-1749 BL GRANULES,Blending,EMI_0503,TIL_IPT_ERH1_%5,ERH2,NULL
AG-1749 BL GRANULES,Blending,EMI_0503,TIL_IPT_ERH1_%6,ERH2,NULL
AG-1749 BL GRANULES,Blending,EMI_0503,TIL_IPT_ERH2_%,ERHRETEST1,NULL
AG-1749 BL GRANULES,Blending,EMI_0503,TIL_IPT_ERH2_%1,ERH3,NULL
AG-1749 BL GRANULES,Blending,EMI_0503,TIL_IPT_ERH2_%2,ERH3,NULL
AG-1749 BL GRANULES,Blending,EMI_0503,TIL_IPT_ERH2_%3,ERH3,NULL
AG-1749 BL GRANULES,Blending,EMI_0503,TIL_IPT_ERH2_%4,ERH3,NULL
AG-1749 BL GRANULES,Blending,EMI_0503,TIL_IPT_ERH2_%5,ERH3,NULL
AG-1749 BL GRANULES,Blending,EMI_0503,TIL_IPT_ERH2_%6,ERH3,NULL
AG-1749 BL GRANULES,Blending,EMI_0503,TIL_IPT_ERH3_%,ERHRETEST3,NULL
AG-1749 BL GRANULES,Blending,EMI_0503,TIL_IPT_ERH3_%1,ERH4,NULL
AG-1749 BL GRANULES,Blending,EMI_0503,TIL_IPT_ERH3_%2,ERH4,NULL
AG-1749 BL GRANULES,Blending,EMI_0503,TIL_IPT_ERH3_%3,ERH4,NULL
AG-1749 BL GRANULES,Blending,EMI_0503,TIL_IPT_ERH3_%4,ERH4,NULL
AG-1749 BL GRANULES,Blending,EMI_0503,TIL_IPT_ERH3_%5,ERH4,NULL
AG-1749 BL GRANULES,Blending,EMI_0503,TIL_IPT_ERH3_%6,ERH4,NULL
LCM,LCM,EMI_0601,TIL2_IPT_ERH_%,ERH,2 Decimal Places
LCM,LCM,EMI_0601,TIL2_IPT_ERH1_%,ERH1,2 Decimal Places
LCM,LCM,EMI_0601,TIL2_IPT_SPECV_RESULT,SPECIFIC_VOLUME,2 Decimal Places
LCM,LCM,EMI_0601,TIL2_IPT_SPECV_RESULT1,SPECIFIC_VOLUME1,2 Decimal Places
LCM,LCM,EMI_0601,TIL2_IPTPART_SIZE_RESULT,PARTICLESIZE,2 Decimal Places
LCM,LCM,EMI_0601,TIL2_IPTPART_SIZE_RESULT1,PARTICLESIZE1,2 Decimal Places
LCM,LCM,EMI_0601,TIL2_LCM_NET_MD,YIELD_MD,2 Decimal Places
LCM,LCM,EMI_0601,TIL2_LCM_QTY_OVERSIZE,OVERSIZE,2 Decimal Places
LCM,LCM,EMI_0601,TIL2_LCM_QTY_UNDERSIZE,UNDERSIZE,2 Decimal Places
LCM,LCM,EMI_0601,TIL2_LCM_RECONCIL_VALUE,RECONCILIATION,2 Decimal Places
LCM,LCM,EMI_0601,TIL2_LCM_RECONCIL_YIELD,YIELD,2 Decimal Places
LCM,LCM,EMI_0601,TIL2_LCM_SIEVE_TIME,SIEVETIME,SS
LCM,LCM,EMI_0601,TIL2_LCM_STREAM,STREAM,NULL
LCM,LCM,EMI_0601,TRANSFER_DATE,TRANSFER_DATE,NULL
ECM,ECM,EMI_0602,COMBINING_DATE,COMBINING_DATE,NULL
ECM,ECM,EMI_0602,TIL2_ECM_NET_MD,MD_YIELD,2 Decimal Places
ECM,ECM,EMI_0602,TIL2_ECM_QTY_OVERSIZE,OVERSIZE,2 Decimal Places
ECM,ECM,EMI_0602,TIL2_ECM_QTY_UNDERSIZE,UNDERSIZE,2 Decimal Places
ECM,ECM,EMI_0602,TIL2_ECM_RECONCIL,RECONCILIATION,2 Decimal Places
ECM,ECM,EMI_0602,TIL2_ECM_SIEVE_TIME,SIEVETIME,SS
ECM,ECM,EMI_0602,TIL2_ECM_STREAM,STREAM,NULL
ECM,ECM,EMI_0602,TIL2_ECM_YIELD,YIELD,0 Decimal Places
ECM,ECM,EMI_0602,TIL2_IPT_ERH_%,ERH,2 Decimal Places
ECM,ECM,EMI_0602,TIL2_IPT_ERH1_%,ERH1,2 Decimal Places
ECM,ECM,EMI_0602,TIL2_IPT_SPECV_RESULT,SPECIFIC_VOLUME,2 Decimal Places
ECM,ECM,EMI_0602,TIL2_IPT_SPECV_RESULT1,SPECIFIC_VOLUME1,2 Decimal Places
ECM,ECM,EMI_0602,TIL2_IPTPART_SIZE_RESULT,PARTICLESIZE,2 Decimal Places
ECM,ECM,EMI_0602,TIL2_IPTPART_SIZE_RESULT1,PARTICLESIZE1,2 Decimal Places
AG-1749,Blending,EMI_0701,PP_BL_SVT,BLEN_LOOSE_SPEC_VOL,2 Decimal Places
AG-1749,Blending,EMI_0701,PP_BL_SVT_1,BLEN_LOOSE_SPEC_VOL1,2 Decimal Places
AG-1749,Compression,EMI_0701,PP_CM_ERH%,COMP_ERH,2 Decimal Places
AG-1749,Blending,EMI_0701,TILE_BL_MD_TOT_NET_WEIGHT,BLEN_NET_WEIGHT_YIELD,2 Decimal Places
AG-1749,Blending,EMI_0701,TILE_BL_RECONCILIATION,BLEN_RECONCILIATION,2 Decimal Places
AG-1749,Blending,EMI_0701,TILE_BL_ROOM,BLEN_ROOM_SELECTION,NULL
AG-1749,Blending,EMI_0701,TILE_BL_YIELD,BLEN_YIELD,NULL
AG-1749,Compression,EMI_0701,TILE_CM_APR_COMPRESS_DURATION,COMP_PROCESS_DURATION,SS
AG-1749,Compression,EMI_0701,TILE_CM_APR_HARDNESS_MEAN,COMP_HARDNESS_MEAN,2 Decimal Places
AG-1749,Compression,EMI_0701,TILE_CM_APR_MAIN_COMP_F_MEAN,COMP_MAIN_COMP_FORCE_MEAN,2 Decimal Places
AG-1749,Compression,EMI_0701,TILE_CM_APR_MAIN_COMP_F_SREL,COMP_MAIN_COMP_FORCE_SREL,2 Decimal Places
AG-1749,Compression,EMI_0701,TILE_CM_APR_THICKNESS_MAX,COMP_MEAN_THICKNESS_MAX,2 Decimal Places
AG-1749,Compression,EMI_0701,TILE_CM_APR_THICKNESS_MIN,COMP_MEAN_THICKNESS_MIN,2 Decimal Places
AG-1749,Compression,EMI_0701,TILE_CM_APR_WEIGHT_MEAN,COMP_WEIGHT_MEAN,2 Decimal Places
AG-1749,Compression,EMI_0701,TILE_CM_APR_WEIGHT_SREL,COMP_WEIGHT_SREL,2 Decimal Places
AG-1749,Compression,EMI_0701,TILE_CM_ERH%_RETEST_1,COMP_ERH_RT1,2 Decimal Places
AG-1749,Compression,EMI_0701,TILE_CM_RECONCIL_A,COMP_RECONCIL_YIELD,2 Decimal Places
AG-1749,Compression,EMI_0701,TILE_CM_RECONCIL_FINAL_RESULT,COMP_RECONCILIATION,2 Decimal Places
AG-1749,Compression,EMI_0701,TILE_CM_RECONCIL_YIELD,COMP_YIELD,2 Decimal Places
AG-1749,Compression,EMI_0701,TILE_CM_ROOM_SELECTION,COMP_ROOM_SELECTION,NULL
AG-1749,Compression,EMI_0701,TILE_IPT_DISINTEG_TIME_MAX,COMP_IPT_DISINTG_TIME_MAX,SS
AG-1749,Compression,EMI_0701,TILE_IPT_DISINTEG_TIME_MAX_RT1,COMP_IPT_DISINTG_TIME_MAX1,SS
AG-1749,Compression,EMI_0701,TILE_IPT_DISINTEG_TIME_MIN,COMP_IPT_DISINTG_TIME_MIN,SS
AG-1749,Compression,EMI_0701,TILE_IPT_DISINTEG_TIME_MIN_RT1,COMP_IPT_DISINTG_TIME_MIN1,SS
AG-1749,Compression,EMI_0701,TILE_IPT_FRIABIL_RATE,COMP_FRIABILITY,2 Decimal Places
AG-1749,Compression,EMI_0701,TILE_IPT_FRIABIL_RATE_RT1,COMP_FRIABILITY1,2 Decimal Places
AG-1749,Blending,EMI_0701,TILE_IPTPART_SIZE_2RESULT,BLEN_PART_SIZE_DISTR_SIEV,2 Decimal Places
AG-1749,Blending,EMI_0701,TILE_IPTPART_SIZE_2RESULT1,BLEN_PART_SIZE_DISTR_SIEV,2 Decimal Places
AG-1749,Blending,EMI_0701,TILE_IPTPART_SIZE_RESULT,BLEN_PART_SIZE_DISTR_PASS,2 Decimal Places
AG-1749,Blending,EMI_0701,TILE_IPTPART_SIZE_RESULT1,BLEN_PART_SIZE_DISTR_PASS1,2 Decimal Places
AG-1749-JP,Blending,EMI_0702,PP_BL_SVT,BLEN_LOOSE_SPEC_VOL,2 Decimal Places
AG-1749-JP,Blending,EMI_0702,PP_BL_SVT_1,BLEN_LOOSE_SPEC_VOL1,2 Decimal Places
AG-1749-JP,Compression,EMI_0702,PP_CM_ERH%,COMP_ERH,2 Decimal Places
AG-1749-JP,Granulation,EMI_0702,PP_GR_129DR2_EXHATEMP,GRAN_DRY_OUTLET_AIR_TEMP,Integer
AG-1749-JP,Granulation,EMI_0702,TILE_APR_DRYING_OUTLET,GRAN_DRY_OUTLET_AIR_MOISTURE,2 Decimal Places
AG-1749-JP,Blending,EMI_0702,TILE_BL_MD_TOT_NET_WEIGHT,BLEN_NET_WEIGHT_YIELD,2 Decimal Places
AG-1749-JP,Blending,EMI_0702,TILE_BL_RECONCILIATION,BLEN_RECONCILIATION,2 Decimal Places
AG-1749-JP,Blending,EMI_0702,TILE_BL_ROOM,BLEN_ROOM_SELECTION,NULL
AG-1749-JP,Blending,EMI_0702,TILE_BL_YIELD,BLEN_YIELD,NULL
AG-1749-JP,Compression,EMI_0702,TILE_CM_APR_COMPRESS_DURATION,COMP_PROCESS_DURATION,SS
AG-1749-JP,Compression,EMI_0702,TILE_CM_APR_HARDNESS_MEAN,COMP_HARDNESS_MEAN,2 Decimal Places
AG-1749-JP,Compression,EMI_0702,TILE_CM_APR_MAIN_COMP_F_MEAN,COMP_MAIN_COMP_FORCE_MEAN,2 Decimal Places
AG-1749-JP,Compression,EMI_0702,TILE_CM_APR_MAIN_COMP_F_SREL,COMP_MAIN_COMP_FORCE_SREL,2 Decimal Places
AG-1749-JP,Compression,EMI_0702,TILE_CM_APR_THICKNESS_MAX,COMP_MEAN_THICKNESS_MAX,2 Decimal Places
AG-1749-JP,Compression,EMI_0702,TILE_CM_APR_THICKNESS_MIN,COMP_MEAN_THICKNESS_MIN,2 Decimal Places
AG-1749-JP,Compression,EMI_0702,TILE_CM_APR_WEIGHT_MEAN,COMP_WEIGHT_MEAN,2 Decimal Places
AG-1749-JP,Compression,EMI_0702,TILE_CM_APR_WEIGHT_SREL,COMP_WEIGHT_SREL,2 Decimal Places
AG-1749-JP,Compression,EMI_0702,TILE_CM_ERH%_RETEST_1,COMP_ERH_RT1,2 Decimal Places
AG-1749-JP,Compression,EMI_0702,TILE_CM_RECONCIL_A,COMP_RECONCIL_YIELD,2 Decimal Places
AG-1749-JP,Compression,EMI_0702,TILE_CM_RECONCIL_FINAL_RESULT,COMP_RECONCILIATION,2 Decimal Places
AG-1749-JP,Compression,EMI_0702,TILE_CM_RECONCIL_YIELD,COMP_YIELD,2 Decimal Places
AG-1749-JP,Compression,EMI_0702,TILE_CM_ROOM_SELECTION,COMP_ROOM_SELECTION,NULL
AG-1749-JP,General,EMI_0702,TILE_GR_DISCHARGING_DATE,GENE_DATE_OF_MAN,NULL
AG-1749-JP,Granulation,EMI_0702,TILE_GR_ERH_FINAL_RESULT,GRAN_ERH,2 Decimal Places
AG-1749-JP,Granulation,EMI_0702,TILE_GR_PROCESS_DURATION,GRAN_PROCESS_TIME,MM:SS
AG-1749-JP,Granulation,EMI_0702,TILE_GR_RECONCIL_A,GRAN_RECON_YIELD,2 Decimal Places
AG-1749-JP,Granulation,EMI_0702,TILE_GR_RECONCIL_RECONCILI_JP,GRAN_RECONCILIATION,NULL
AG-1749-JP,Granulation,EMI_0702,TILE_GR_RECONCIL_RECONCILIATIO,GRAN_RECONCILIATION,2 Decimal Places
AG-1749-JP,Granulation,EMI_0702,TILE_GR_RECONCIL_YIELD,GRAN_YIELD,2 Decimal Places
AG-1749-JP,Granulation,EMI_0702,TILE_GR_ROOM_GRANULATION,GRAN_ROOM_SELECTION,NULL
AG-1749-JP,Compression,EMI_0702,TILE_IPT_DISINTEG_TIME_MAX,COMP_IPT_DISINTG_TIME_MAX,SS
AG-1749-JP,Compression,EMI_0702,TILE_IPT_DISINTEG_TIME_MAX_RT1,COMP_IPT_DISINTG_TIME_MAX1,SS
AG-1749-JP,Compression,EMI_0702,TILE_IPT_DISINTEG_TIME_MIN,COMP_IPT_DISINTG_TIME_MIN,SS
AG-1749-JP,Compression,EMI_0702,TILE_IPT_DISINTEG_TIME_MIN_RT1,COMP_IPT_DISINTG_TIME_MIN1,SS
AG-1749-JP,Compression,EMI_0702,TILE_IPT_FRIABIL_RATE,COMP_FRIABILITY,2 Decimal Places
AG-1749-JP,Compression,EMI_0702,TILE_IPT_FRIABIL_RATE_RT1,COMP_FRIABILITY_RT1,2 Decimal Places
AG-1749-JP,Blending,EMI_0702,TILE_IPTPART_SIZE_2RESULT,BLEN_PART_SIZE_DISTR_SIEV,2 Decimal Places
AG-1749-JP,Blending,EMI_0702,TILE_IPTPART_SIZE_2RESULT1,BLEN_PART_SIZE_DISTR_SIEV_RET1,2 Decimal Places
AG-1749-JP,Blending,EMI_0702,TILE_IPTPART_SIZE_RESULT,BLEN_PART_SIZE_DISTR_PASS,2 Decimal Places
AG-1749-JP,Blending,EMI_0702,TILE_IPTPART_SIZE_RESULT1,BLEN_PART_SIZE_DISTR_PASS1,2 Decimal Places
AG-1749-JP,Granulation,EMI_0702,TILE_QTY_EXCESS_OMG,GRAN_OMG_EXCESS_QTY,2 Decimal Places
SYR-322,General,EMI_0801,COMBINING_DATE,GENE_COMBINING_DATE,NULL
SYR-322,Blending,EMI_0801,PP_BL_SVT,BLEN_LOOSE_SPEC_VOL,2 Decimal Places
SYR-322,Blending,EMI_0801,PP_BL_SVT_1,BLEN_LOOSE_SPEC_VOL1,2 Decimal Places
SYR-322,Compression,EMI_0801,PP_CM_ERH%,COMP_ERH,2 Decimal Places
SYR-322,Blending,EMI_0801,TILE_BL_MD_TOT_NET_WEIGHT,BLEN_NET_WEIGHT_YIELD,2 Decimal Places
SYR-322,Blending,EMI_0801,TILE_BL_RECONCILIATION,BLEN_RECONCILIATION,2 Decimal Places
SYR-322,Blending,EMI_0801,TILE_BL_ROOM,BLEN_ROOM_SELECTION,NULL
SYR-322,Blending,EMI_0801,TILE_BL_YIELD,BLEN_YIELD,NULL
SYR-322,Compression,EMI_0801,TILE_CM_APR_COMPRESS_DURATION,COMP_PROCESS_DURATION,SS
SYR-322,Compression,EMI_0801,TILE_CM_APR_MAIN_COMP_F_MEAN,COMP_MAIN_COMP_F_MEAN,2 Decimal Places
SYR-322,Compression,EMI_0801,TILE_CM_APR_MAIN_COMP_F_SREL,COMP_MAIN_COMP_F_SREL,2 Decimal Places
SYR-322,Compression,EMI_0801,TILE_CM_APR_THICKNESS_MAX,COMP_MEAN_THICKNESS_MAX,2 Decimal Places
SYR-322,Compression,EMI_0801,TILE_CM_APR_THICKNESS_MIN,COMP_MEAN_THICKNESS_MIN,2 Decimal Places
SYR-322,Compression,EMI_0801,TILE_CM_APR_WEIGHT_MEAN,COMP_WEIGHT_MEAN,2 Decimal Places
SYR-322,Compression,EMI_0801,TILE_CM_APR_WEIGHT_SREL,COMP_WEIGHT_SREL,2 Decimal Places
SYR-322,Compression,EMI_0801,TILE_CM_ERH%_RETEST_1,COMP_ERH_RT1,2 Decimal Places
SYR-322,Compression,EMI_0801,TILE_CM_RECONCIL_A,COMP_RECONCIL_YIELD,2 Decimal Places
SYR-322,Compression,EMI_0801,TILE_CM_RECONCIL_FINAL_RESULT,COMP_RECONCILIATION,2 Decimal Places
SYR-322,Compression,EMI_0801,TILE_CM_RECONCIL_YIELD,COMP_YIELD,2 Decimal Places
SYR-322,Compression,EMI_0801,TILE_CM_ROOM_SELECTION,COMP_ROOM_SELECTION,NULL
SYR-322,Coating,EMI_0801,TILE_CM_THICKN_RESULT_MAX,COAT_THICK_MAX,2 Decimal Places
SYR-322,Coating,EMI_0801,TILE_CM_THICKN_RESULT_MIN,COAT_THICK_MIN,2 Decimal Places
SYR-322,Coating,EMI_0801,TILE_COAT_APR_SOLUTION_TEMP,COAT_SOL_TEMP,Integer
SYR-322,Coating,EMI_0801,TILE_COAT_INCREASE_WGHT,COAT_PRE_POLISH,4 Decimal Places
SYR-322,Coating,EMI_0801,TILE_COAT_MD_TOTAL_NET_WGHT,COAT_NET_WEIGHT_YIELD,2 Decimal Places
SYR-322,Coating,EMI_0801,TILE_COAT_POLISH_INCREASE_WGHT,COAT_POST_POLISH,2 Decimal Places
SYR-322,Coating,EMI_0801,TILE_COAT_PROCESS_DURATION,COAT_APR_PROCESS_DURTN,MM:SS
SYR-322,Coating,EMI_0801,TILE_COAT_RECONCIL,COAT_RECONCILIATION,2 Decimal Places
SYR-322,Coating,EMI_0801,TILE_COAT_RECONCILYIELD,COAT_YIELD,2 Decimal Places
SYR-322,Coating,EMI_0801,TILE_COATING_ROOM,COAT_ROOM_SELECTION,NULL
SYR-322,Granulation,EMI_0801,TILE_GR_APR_DRYING_DURATION,GRAN_DRY_STEP_DURATION,SS
SYR-322,Granulation,EMI_0801,TILE_GR_APR_SPRAY_TEMP_1,GRAN_END_DRY_EX_TEMP_SUB_1,Integer
SYR-322,Granulation,EMI_0801,TILE_GR_APR_SPRAY_TEMP_2,GRAN_END_DRY_EX_TEMP_SUB_2,Integer
SYR-322,Coating,EMI_0801,TILE_GR_ERH_FINAL_RESULT,COAT_ERH_RESULT,2 Decimal Places
SYR-322,Granulation,EMI_0801,TILE_GR_ERH_FINAL_RESULT_SLOT1,GRAN_ERH__SUB1,2 Decimal Places
SYR-322,Granulation,EMI_0801,TILE_GR_ERH_FINAL_RESULT_SLOT2,GRAN_ERH__SUB2,2 Decimal Places
SYR-322,Coating,EMI_0801,TILE_GR_ERH_FINAL_RESULT1,COAT_ERH_RESULT1,NULL
SYR-322,Granulation,EMI_0801,TILE_GR_PROCESS_DURATION,GRAN_PROCESS_DURATION,MM:SS
SYR-322,Granulation,EMI_0801,TILE_GR_RECONCIL_A,GRAN_RECON_YIELD,2 Decimal Places
SYR-322,Granulation,EMI_0801,TILE_GR_RECONCIL_A1_LUB,GRAN_YIELD_SUB1,2 Decimal Places
SYR-322,Granulation,EMI_0801,TILE_GR_RECONCIL_A2_LUB,GRAN_YIELD_SUB2,2 Decimal Places
SYR-322,Granulation,EMI_0801,TILE_GR_RECONCIL_RECONCILIATIO,GRAN_RECONCILIATION,2 Decimal Places
SYR-322,Granulation,EMI_0801,TILE_GR_RECONCIL_YIELD,GRAN_YIELD,2 Decimal Places
SYR-322,Coating,EMI_0801b,TILE_IPT_DISINTEG_TIME_MAX,COAT_IPT_DISINTG_TIME_MAX,SS
SYR-322,Compression,EMI_0801,TILE_IPT_DISINTEG_TIME_MAX,COMP_IPT_DISINTG_TIME_MAX,SS
SYR-322,Coating,EMI_0801b,TILE_IPT_DISINTEG_TIME_MAX_RT1,COAT_IPT_DISINTG_TIME_MAX1,SS
SYR-322,Compression,EMI_0801,TILE_IPT_DISINTEG_TIME_MAX_RT1,COMP_IPT_DISINTG_TIME_MAX1,SS
SYR-322,Coating,EMI_0801b,TILE_IPT_DISINTEG_TIME_MIN,COAT_IPT_DISINTG_TIME_MIN,SS
SYR-322,Compression,EMI_0801,TILE_IPT_DISINTEG_TIME_MIN,COMP_IPT_DISINTG_TIME_MIN,SS
SYR-322,Coating,EMI_0801b,TILE_IPT_DISINTEG_TIME_MIN_RT1,COAT_IPT_DISINTG_TIME_MIN1,SS
SYR-322,Compression,EMI_0801,TILE_IPT_DISINTEG_TIME_MIN_RT1,COMP_IPT_DISINTG_TIME_MIN1,SS
SYR-322,Blending,EMI_0801,TILE_IPTPART_SIZE_2RESULT,BLEN_PART_SIZE_RET,2 Decimal Places
SYR-322,Blending,EMI_0801,TILE_IPTPART_SIZE_2RESULT1,BLEN_PART_SIZE_RET1,2 Decimal Places
SYR-322,Blending,EMI_0801,TILE_IPTPART_SIZE_RESULT,BLEN_PART_SIZE_PASS,2 Decimal Places
SYR-322,Blending,EMI_0801,TILE_IPTPART_SIZE_RESULT1,BLEN_PART_SIZE_PASS1,2 Decimal Places
SYR-322,Printing,EMI_0801,TILE_PR_RECONCIL_C_INS_REJ_QTY,PRIN_REJ_INSPECT,2 Decimal Places
SYR-322,Printing,EMI_0801,TILE_PR_RECONCIL_C_TAB_REJ_QTY,PRIN_REJ_TAB_SORT,2 Decimal Places
SYR-322,Printing,EMI_0801,TILE_PR_RECONCIL_C_TOT_REJ,PRIN_TOTAL_REJ_QTY,2 Decimal Places
SYR-322,Printing,EMI_0801,TILE_PR_RECONCIL_FINAL_RESULT,PRIN_RECONCILIATION,2 Decimal Places
SYR-322,Printing,EMI_0801,TILE_PR_RECONCIL_YIELD,PRIN_YIELD,2 Decimal Places
SYR-322,Printing,EMI_0801,TILE_PR_SYR_NB_TOT_REJECT_LINE,PRIN_TOTAL_REJ,2 Decimal Places
SYR-322,Printing,EMI_0801,TILE_PR_SYR_REJECT_RATE,PRIN_REJ_RAT,2 Decimal Places
SYR-322,Printing,EMI_0801,TILE_PR_SYR_TOT_NET_WEIGHT,PRIN_NET_WEIGHT_YIELD,2 Decimal Places
SYR-322,Printing,EMI_0801,TILE_PRINT_PROCESS_DURATION,PRIN_APR_PROCESS_DURTN,MM:SS
SYR-322,Granulation,EMI_0801,TILE_SYR_ROOM_GRANULATION,GRAN_ROOM,NULL
SYR-322,Printing,EMI_0801,TILE_SYR_ROOM_PRINTING,PRIN_ROOM_SELECTION,NULL
TAK-390 CF GRANULES,CF,EMI_0901,TIL_CF_DUST_PROCESS_TIME_DT,DUSTTIME,SS
TAK-390 CF GRANULES,CF,EMI_0901,TIL_CF_MD_NET1,CF_YIELD_KG_NO_SPLIT,2 Decimal Places
TAK-390 CF GRANULES,CF,EMI_0901,TIL_CF_MD_NET3,CF_YIELD_KG_SPLIT,2 Decimal Places
TAK-390 CF GRANULES,CF,EMI_0901,TIL_CF_OVERSIZE_GRAN,OVERSIZE,2 Decimal Places
TAK-390 CF GRANULES,CF,EMI_0901,TIL_CF_POWDER_FEED_QTY_20MIN,TWENTY_MIN_QTY,2 Decimal Places
TAK-390 CF GRANULES,CF,EMI_0901,TIL_CF_POWDER_FEED_QTY_3MIN,THREE_MIN_QTY,2 Decimal Places
TAK-390 CF GRANULES,CF,EMI_0901,TIL_CF_PRE_PROCESS_TIME_DT,PRETIME,2 Decimal Places
TAK-390 CF GRANULES,CF,EMI_0901,TIL_CF_PRE_SPRAY_AMOUNT,PREGRANSPRAYAMOUNT,2 Decimal Places
TAK-390 CF GRANULES,CF,EMI_0901,TIL_CF_RECONCIL_ROUND_LOT1,CFRECON,2 Decimal Places
TAK-390 CF GRANULES,CF,EMI_0901,TIL_CF_TOTAL_SPRAY_AMOUNT_SC,CFSPRAYAMT,SS
TAK-390 CF GRANULES,CF,EMI_0901,TIL_CF_UNDERSIZE_GRAN,UNDERSIZE,2 Decimal Places
TAK-390 CF GRANULES,CF,EMI_0901,TIL_CF_YIELD_ROUNDED_LOT1,CFYIELD_PERCENT,2 Decimal Places
TAK-390 CF GRANULES,CF,EMI_0901,TIL_FIRSTDRUM_RESULT,PARTICLE_SIZE_DIS,2 Decimal Places
TAK-390 CF GRANULES,CF,EMI_0901,TIL_FIRSTDRUM_RESULT2,CFSPECVOL,2 Decimal Places
TAK-390 CF GRANULES,CF,EMI_0901,TIL_IPT_ERH_%,CFERH,2 Decimal Places
TAK-390 BL GRANULES,Blending,EMI_0904,TIL_BL_RECONCILIATION_ROUNDED,BLYIELD,2 Decimal Places
TAK-390 BL GRANULES,Blending,EMI_0904,TIL_BL_TOTAL_BLENDED_NET_QTY,BLYIELD,2 Decimal Places
TAK-390 BL GRANULES,Blending,EMI_0904,TIL_BL_YIELD_ROUNDED,BLYIELD_PERCENT,2 Decimal Places
TAK-390 BL GRANULES,Blending,EMI_0904,TIL_FIRSTDRUM_RESULT,PARTICLE_SIZE,2 Decimal Places
TAK-390 BL GRANULES,Blending,EMI_0904,TIL_FIRSTDRUM_RESULT2,BLSPECVOL,NULL
TAK-390 BL GRANULES,Blending,EMI_0904,TIL_IPT_ERH_%,BLERH,2 Decimal Places
TAK-390 EC GRANULES,EC,EMI_0905,TIL_EC_COATING_DURATION,ECCOATINGTIME,SS
TAK-390 EC GRANULES,EC,EMI_0905,TIL_EC_OVERSIZED_GRANULES_LOT1,OVERSIZE_KG,2 Decimal Places
TAK-390 EC GRANULES,EC,EMI_0905,TIL_EC_RECONCILIATION_ROUNDED1,ECRECON,2 Decimal Places
TAK-390 EC GRANULES,EC,EMI_0905,TIL_EC_UNDERSIZE_GRANULES,UNDERSIZE_KG,2 Decimal Places
TAK-390 EC GRANULES,EC,EMI_0905,TIL_EC_WEIGHT_GOOD_GRANULES1,ECYIELD,2 Decimal Places
TAK-390 EC GRANULES,EC,EMI_0905,TIL_FIRSTDRUM_RESULT,PARTICLE_SIZE,2 Decimal Places
TAK-390 EC GRANULES,EC,EMI_0905,TIL_FIRSTDRUM_RESULT2,MLSPECVOL,2 Decimal Places
TAK-390 EC GRANULES,EC,EMI_0905,TIL_IPT_ERH_%,ECERH,2 Decimal Places
PACK,Packaging,EMI_1100,PK_BLINE_NO,Pack_Line_number,NULL
PACK,Packaging,EMI_1100,PK_DATE_PROC_START_APR,Pack_Start,NULL
PACK,Packaging,EMI_1100,PK_OWRAP_CHECK_SETUP,PACK_Overwrap_damage_chec,NULL
PACK,Packaging,EMI_1100,PK_SEAL_P_B_SETUP,PACK_Seal_Pressure_Back_BL_1_only,NULL
PACK,Packaging,EMI_1100,PK_SEAL_P_F_SETUP,PACK_Seal_Pressure_Front_BL_1_only,NULL
PACK,Packaging,EMI_1100,PK_SEAL_T_SETUP,PACK_Seal_Temperature_C,NULL
PACK,Packaging,EMI_1100,PK_TAB_VARPC_APR,PACK_Tablet_Reconciliation_Variance,NULL
PACK,Packaging,EMI_1100,PK_TAB_YIELD_APR,PACK_Tablets_Yield,NULL
TAK-390 ML GRANULES,ML,EML_0902,TAK390_ML_RECONCILIATION,RECONCILIATION2,2 Decimal Places
TAK-390 ML GRANULES,ML,EML_0902,TAK390_ML_YIELD,YIELD,2 Decimal Places
TAK-390 ML GRANULES,ML,EML_0902,TIL_EC_COATING_DURATION,COATING_DURATION,Integer
TAK-390 ML GRANULES,ML,EML_0902,TIL_EC_OVERSIZED_GRANULES_LOT1,OVERSIZED,2 Decimal Places
TAK-390 ML GRANULES,ML,EML_0902,TIL_EC_RECONCILIATION_ROUNDED1,RECONCILIATION,2 Decimal Places
TAK-390 ML GRANULES,ML,EML_0902,TIL_EC_UNDERSIZE_GRANULES_LOT1,UNDERSIZE,2 Decimal Places
TAK-390 ML GRANULES,ML,EML_0902,TIL_EC_WEIGHT_GOOD_GRANULES1,YIELD,2 Decimal Places
TAK-390 ML GRANULES,ML,EML_0902,TIL_EC_YIELD_ROUNDED1,YIELD_PERCENT,2 Decimal Places
TAK-390 ML GRANULES,ML,EML_0902,TIL_FIRSTDRUM_RESULT,PARTICLE_SIZE,2 Decimal Places
TAK-390 ML GRANULES,ML,EML_0902,TIL_FIRSTDRUM_RESULT2,SPEC_VOL,2 Decimal Places
TAK-390 ML GRANULES,ML,EML_0902,TIL_IPT_ERH_%,ERH,2 Decimal Places
TAK-390 ML GRANULES,ML,EML_0902,TIL_ITP_ERH_%,ITP_ERH_%,2 Decimal Places
